protocol,event,owner,first_liq
moonwell,Aug-2024,0x81ae3cc921ff120d3c8baac0ef7a313c6244db03,2024-08-04T23:35:51.000Z
moonwell,Aug-2024,0xc3ac69f1b212515cbe07dd942ed162548eed631c,2024-08-04T23:19:07.000Z
moonwell,Aug-2024,0x9daf2d9433f04d09e5110260251cbb1bd8dbafbd,2024-08-05T03:55:51.000Z
moonwell,Aug-2024,0x76d573fe361fe6fcc3e5fea3d7b40393f2757ea2,2024-08-07T22:14:55.000Z
moonwell,Aug-2024,0xfa826ff8ada02e5ddefcc72a0360dc5c94caef4c,2024-08-05T07:32:51.000Z
moonwell,Aug-2024,0x8b065132b4537bf3d9ee23b930c7855417d91ade,2024-08-05T01:16:19.000Z
moonwell,Aug-2024,0x4c1a699166cd60473040d0618c47ad82251b9d0f,2024-08-05T01:15:51.000Z
moonwell,Aug-2024,0x1285eb2ed45c33bafbcb02e096b1d1e703e8d613,2024-08-07T08:23:37.000Z
moonwell,Aug-2024,0xe6a1e9ff4a71205cee47b0bf4d970a1d77dedb75,2024-08-06T21:34:37.000Z
moonwell,Aug-2024,0x8cee1a66eb299a4fd414a949095d85ec961532da,2024-08-04T17:11:37.000Z
moonwell,Aug-2024,0x0c0d430db847a135e9055b89c576fdfb2c8d1971,2024-08-04T21:51:43.000Z
moonwell,Aug-2024,0x4da0d78d3f24f78563896fdb5b786d0ccf1f6156,2024-08-05T10:26:31.000Z
moonwell,Aug-2024,0x295a7fca32c493a00fca5d7fd6161249b2789d42,2024-08-04T01:19:35.000Z
moonwell,Aug-2024,0x39fe1beef05ded01d35c2b97e3fb6939d4f0aee3,2024-08-05T00:56:27.000Z
moonwell,Aug-2024,0x53bc53579e4c0c1a1bda45f80b32aadf03e53ee0,2024-08-06T22:06:09.000Z
moonwell,Aug-2024,0xe95bf14f05e7bd90975d6bc9ed266cb67cbe021d,2024-08-05T06:55:49.000Z
moonwell,Aug-2024,0x6a79fda6d6395b8411bc4bff2049776bc47c877e,2024-08-04T17:11:37.000Z
moonwell,Aug-2024,0x946541a0ee738ddcd11accccb601284f124910ef,2024-08-04T23:49:11.000Z
moonwell,Aug-2024,0x9d3dd8e052651b8e6380ba5c6920e40278f96226,2024-08-04T17:49:45.000Z
moonwell,Aug-2024,0x31588e276f95fb817a20acf4bd729ac00ff2452d,2024-08-06T21:43:09.000Z
moonwell,Aug-2024,0xed97e5a314cab47fd2e151cbcf1c2d45d49e92d1,2024-08-06T03:49:21.000Z
moonwell,Aug-2024,0x4240112721c6c434e67d413341b23cf29dbaf6ab,2024-08-04T17:10:41.000Z
moonwell,Aug-2024,0x9a4cdac6e0574d60a287c61b875b05250084ba7e,2024-08-04T17:44:41.000Z
moonwell,Aug-2024,0x52156828f819d29cf85175dbf8beb505e7c05806,2024-08-04T01:14:51.000Z
moonwell,Aug-2024,0x75b55bc8edffe84cbc6c1d967805457d2d02c240,2024-08-04T00:05:53.000Z
moonwell,Aug-2024,0x65c65ceb562535bdc275c61cb46aff38a062831b,2024-08-05T00:36:51.000Z
moonwell,Aug-2024,0x1e20eb52a9a29e72e16d2fd3fdd6d5b531ac6add,2024-08-06T03:59:51.000Z
moonwell,Aug-2024,0x91635486d80a8779af073b0741b2106a1c9dca37,2024-08-05T03:52:43.000Z
moonwell,Aug-2024,0x375f62b1852ba0ff5844036e008b9ed01d173188,2024-08-04T01:40:47.000Z
moonwell,Aug-2024,0x851abe5b311dfb90eacf3dcdceb24257f5b29e1f,2024-08-05T06:36:39.000Z
moonwell,Aug-2024,0x591788428b39b07577f89a6ac88684a9c0e2ba53,2024-08-04T21:41:47.000Z
moonwell,Aug-2024,0xd7e9dae92a8ea6783ddc675a445395eb6f2ac58d,2024-08-05T07:32:55.000Z
moonwell,Aug-2024,0xef6f1bb4a130ecacead40a10b2f6149fcd6fbec7,2024-08-04T00:53:53.000Z
moonwell,Aug-2024,0xf38729cbaa4353089dc1093ecabc1c4cfef0bf15,2024-08-04T20:52:57.000Z
moonwell,Aug-2024,0xd6ccad20d688739349f0e4f3ae2ec69bc5039354,2024-08-05T01:07:05.000Z
moonwell,Aug-2024,0x4b97758e295f4905eb7e1cee2fd77341c374dd6d,2024-08-06T05:34:51.000Z
moonwell,Aug-2024,0x841cb2b0a933b6cb86e0fd18f0e2763c6ce552e7,2024-08-06T22:14:47.000Z
moonwell,Aug-2024,0x984898646e18b522a25fd81bc953e972eaf84fd3,2024-08-05T01:07:05.000Z
moonwell,Aug-2024,0x682eb90463116de65252cda7718a949d97b0d8b6,2024-08-04T01:01:03.000Z
moonwell,Aug-2024,0x4a4d278b2d811f6bead4e079fa93cbd38ddc09f0,2024-08-05T10:25:15.000Z
moonwell,Aug-2024,0xe0502accedbc68a14b9e0b05039df70969556f13,2024-08-04T15:21:47.000Z
moonwell,Aug-2024,0x653e49d098b5fb06b0f03a1c551059e61e1a9a77,2024-08-04T22:44:57.000Z
moonwell,Aug-2024,0x6aaaccf41e2aac0dc13ea0a5db6486d7df461470,2024-08-05T21:49:57.000Z
moonwell,Aug-2024,0x5b2edb9d82f06f6d09a77b94f1595c5275fc115b,2024-08-05T04:14:39.000Z
moonwell,Aug-2024,0x063edef3e0376b83230091d713eba4d6becbf1fa,2024-08-04T01:21:03.000Z
moonwell,Aug-2024,0x3236efe02a74c97468b3fcf97287404d30ee455a,2024-08-04T22:13:25.000Z
moonwell,Aug-2024,0x66740f67b4a88cde4d9c216d37482cc417dce7e5,2024-08-04T21:56:11.000Z
moonwell,Aug-2024,0x6ebacaf9096082562d83afb68a3e1449d1663d44,2024-08-04T01:28:51.000Z
moonwell,Aug-2024,0xe5ab323c0b4f7d792309bd42590704f6e9063939,2024-08-05T21:49:57.000Z
moonwell,Aug-2024,0x7efedba369edcb50e28534f4ddf72b41d01a9198,2024-08-05T06:26:17.000Z
moonwell,Aug-2024,0x950867238dc5ca3a9206bb82fe6a813aef5bc4b9,2024-08-05T23:35:55.000Z
moonwell,Aug-2024,0xb669314e175d4a5440996af5002e551c5eaf9b4f,2024-08-05T00:38:51.000Z
moonwell,Aug-2024,0xbe9507e5d7c537da1486390c615f32850b3c98f0,2024-08-04T14:49:57.000Z
moonwell,Aug-2024,0x3d8144f4714f2d96ae20293eef614814670537c1,2024-08-06T21:36:41.000Z
moonwell,Aug-2024,0x8c8c65a6252aa22d238340b54a2bf50245ab470a,2024-08-07T23:55:25.000Z
moonwell,Aug-2024,0x0a63ae206150869f59f9b176f558f4411dd65793,2024-08-05T01:16:21.000Z
moonwell,Aug-2024,0x6f667184985b67f332d9ca06d4442e703784ef1c,2024-08-04T23:03:35.000Z
moonwell,Aug-2024,0xb6c5bd2986b9112726b145298ea7dada60149b68,2024-08-04T00:03:17.000Z
moonwell,Aug-2024,0xdb1f47ed9b26d3615c13488e19572818381986ea,2024-08-04T17:41:11.000Z
moonwell,Aug-2024,0x417ac47ab85ff79254a541fd6a9fdff23852a9a4,2024-08-05T01:08:33.000Z
moonwell,Aug-2024,0xcff0850ec49fff65729ba36c8c6e3c4e52775563,2024-08-04T22:09:09.000Z
moonwell,Aug-2024,0xdc44c72d8aedd9d533415cee5c6887f4e6d13205,2024-08-04T01:08:33.000Z
moonwell,Aug-2024,0x646b3ce30f4d28c9f645a9c53102cdfd9f8aff30,2024-08-05T10:16:47.000Z
moonwell,Aug-2024,0x94be5a60f5dd2f1c283cafa48cc87226269df6d0,2024-08-07T23:37:39.000Z
moonwell,Aug-2024,0x7684ef3ec4ffe08973f450e1eb08513dad6ce324,2024-08-05T00:57:55.000Z
moonwell,Aug-2024,0xafde0b203b1bb4a3a6a58cf128c227bba911410c,2024-08-04T15:22:51.000Z
moonwell,Aug-2024,0xa3665d1cb5c08c99a18e04882baa2a0fa3b9e54d,2024-08-05T21:49:55.000Z
moonwell,Aug-2024,0x81fc6fc924998538246bbb43bdea4601eb3fada2,2024-08-04T01:30:31.000Z
moonwell,Aug-2024,0x936e26b3ea664b2d3ab356de9365210b9e4948e5,2024-08-04T21:22:45.000Z
moonwell,Aug-2024,0xa3825a94d32f3808eb31aaa8ba86d61985a712b8,2024-08-04T17:44:41.000Z
moonwell,Aug-2024,0xe4435180f2dab18e339474d1dcd5c60eedef075e,2024-08-05T01:16:29.000Z
moonwell,Aug-2024,0xfd255dd9acbe476071d0a5e1e92edee2191c5a14,2024-08-07T20:01:35.000Z
moonwell,Aug-2024,0x0e7ccf066934d5e166a25fb3e4650be62917ae5a,2024-08-06T22:05:25.000Z
moonwell,Aug-2024,0x910717129d17fe8c7983b4f4526913ef10dc2362,2024-08-04T21:55:01.000Z
moonwell,Aug-2024,0x4a4404d79268c4e25222da1595a91b977249cc01,2024-08-05T00:57:25.000Z
moonwell,Aug-2024,0x4435c8813700cdb7679941352bbd894bfc3906c2,2024-08-05T06:27:45.000Z
moonwell,Aug-2024,0xefa9ca326b249ba716a57488695d56a2d9dd2d46,2024-08-06T21:43:19.000Z
moonwell,Aug-2024,0x6b8f3505a3d1119da626f05c31dd8d39cf15e169,2024-08-04T17:45:05.000Z
moonwell,Aug-2024,0x21172b423ddfecdc31d2476c33ad6e4a15d5776c,2024-08-04T21:37:13.000Z
moonwell,Aug-2024,0x39605c54317d3c517bb2c1fa13d458f2433145c7,2024-08-05T00:14:25.000Z
moonwell,Aug-2024,0x09b4c85cab2a58a60cfba940526133a138a15d30,2024-08-04T17:11:37.000Z
moonwell,Aug-2024,0x69e2b431211c14a605a1282669922a7d1a14d2a7,2024-08-04T21:26:09.000Z
moonwell,Aug-2024,0xc83a954a32cfe75d769a711f5109c7a48aa69b5f,2024-08-07T23:39:27.000Z
moonwell,Aug-2024,0x800d7ac807c1a56db6c74841ac913a8cb39e7167,2024-08-04T21:59:37.000Z
moonwell,Aug-2024,0x604e9ab66d6ced240d766ece1dae96d2a3fdfb1b,2024-08-06T22:16:15.000Z
moonwell,Aug-2024,0x18b67eb332ea410a5f865705907d6058aebd0968,2024-08-04T21:19:45.000Z
moonwell,Aug-2024,0xc46d99f81d55c7c1ed3f1365f90e01252c1dba75,2024-08-04T16:55:47.000Z
moonwell,Aug-2024,0x0e197d41f4abbf00704e3379236f2f4c702f7d92,2024-08-05T23:21:17.000Z
moonwell,Aug-2024,0x5148a385b0d2fd9337116db9edf67324a1a0066a,2024-08-04T00:59:47.000Z
moonwell,Aug-2024,0xf9ba4ee8223a67a2270ae1e3447457d89aa94292,2024-08-07T23:28:59.000Z
moonwell,Aug-2024,0x45754886b3c673ec36f257e1404c880525099600,2024-08-04T17:41:09.000Z
moonwell,Aug-2024,0xee9a50bcdbd67cc8c941bb68767a40ccb6780777,2024-08-06T22:22:21.000Z
moonwell,Aug-2024,0xb6fb68f0ae8d92b415495fde4cfe522504ca2543,2024-08-07T23:36:07.000Z
moonwell,Aug-2024,0x363fa22361fbd4be8b5cce0d9fde1109375b4ac4,2024-08-04T23:23:47.000Z
moonwell,Aug-2024,0xe7b4cc363032892e39bd12bafb51afac1a0f701d,2024-08-04T17:10:41.000Z
moonwell,Aug-2024,0xb07106b2d4a156ffcdd59b990a6667d4ab0d7ae4,2024-08-05T01:16:43.000Z
moonwell,Aug-2024,0x03acbc222cb6ad95b3907495ad44ba8b291d1a2e,2024-08-04T23:02:47.000Z
moonwell,Aug-2024,0xe88930e57ddeefa731c8f73f9e39b42d4a75bf40,2024-08-04T23:23:17.000Z
moonwell,Aug-2024,0xa02a1ab39ef37b7d860d7a791661703023389149,2024-08-05T00:14:55.000Z
moonwell,Aug-2024,0xd836eaf5be0793f5c1e3985b60e656ba8d48f097,2024-08-05T02:18:01.000Z
moonwell,Aug-2024,0x3848ded70d640d5f61e5d1e3a01ed8c049c57d53,2024-08-05T01:25:25.000Z
moonwell,Aug-2024,0xbddd68493ae247423a914c69daff3939650086e6,2024-08-04T21:58:21.000Z
moonwell,Aug-2024,0x3ab60621259acd3d95f514edded0e6165eef946f,2024-08-06T22:57:23.000Z
moonwell,Aug-2024,0xb4c4564684256bb8689d479fce12c438baaca913,2024-08-04T19:58:03.000Z
moonwell,Aug-2024,0x10e33c93a2853d565ecb9dc60b93bf8fe0a8fbee,2024-08-04T23:33:49.000Z
moonwell,Aug-2024,0x41c5aa5bf76c4217ad474c69bc4b6c253bc59596,2024-08-04T23:04:11.000Z
moonwell,Aug-2024,0x7b3dd278515a07c8e73ca259b15721525c4aa0b4,2024-08-05T01:07:05.000Z
moonwell,Aug-2024,0x6f1c28c40b5fed4fb546f85959ae2f7c16365cad,2024-08-05T01:10:51.000Z
moonwell,Aug-2024,0xb684a3548615e6cc76f31a960743a3e9d8b6808a,2024-08-04T21:34:11.000Z
moonwell,Aug-2024,0x6830c5a4f1a1023d5e9bafeb221cebc9eb6f8ed6,2024-08-05T01:24:57.000Z
moonwell,Aug-2024,0xa76dd667f34b29c37e0e16b087cc546b424d1541,2024-08-05T01:18:17.000Z
moonwell,Aug-2024,0x8343be66505ab49bf77eab5d9caded5b6da7141c,2024-08-06T21:39:05.000Z
moonwell,Aug-2024,0x2deb1bfe91135eb885ad12b35822d6b88940cf96,2024-08-04T17:41:11.000Z
moonwell,Aug-2024,0x6b656f54a487bcc756375c8ece3f0de2b5253d32,2024-08-05T06:23:41.000Z
moonwell,Aug-2024,0x4cce7b374ac6095a5125a74e0bfdf0852015745b,2024-08-05T01:25:29.000Z
moonwell,Aug-2024,0x00d32b49e93accc892a3c0d3a8e1a4dcb15a3e16,2024-08-05T10:16:47.000Z
moonwell,Aug-2024,0x3a31d118d3869c77eb75a60b3525bde9ecfccc20,2024-08-04T15:26:35.000Z
moonwell,Aug-2024,0x57bb5ec9b9849b662acfc2645b3127f5c9a16427,2024-08-06T21:59:31.000Z
moonwell,Aug-2024,0x378a2b0953ef28302f54de9d67f34f7cb4ed9475,2024-08-06T03:46:23.000Z
moonwell,Aug-2024,0xe175b0aefa1d079a7fefacaf9e40d5a8d4e2fa4f,2024-08-06T21:55:09.000Z
moonwell,Aug-2024,0xb07512b59dfea63d4a3dad1236439aeb8a8a0ac4,2024-08-04T21:40:25.000Z
moonwell,Aug-2024,0x031e4b751106f6daf8e7d998ac200413683a98dc,2024-08-04T01:03:55.000Z
moonwell,Aug-2024,0x4d120434831632e1ceb70fb6091f2843c276949f,2024-08-07T23:29:41.000Z
moonwell,Aug-2024,0x3b024bebb5335b69b30fc2645652f8e7d4b09e79,2024-08-04T22:00:03.000Z
moonwell,Aug-2024,0x814dd1dda9b7b64a61682838973949086d07b07a,2024-08-05T01:07:55.000Z
moonwell,Aug-2024,0x495aaeefcb448e6bda1c37767d45d7e426bbf147,2024-08-05T05:12:17.000Z
moonwell,Aug-2024,0xaad23bed23954b8d9e954f9437f55f938609a3bf,2024-08-06T00:05:09.000Z
moonwell,Aug-2024,0xea959874c781150ae651f29401c18343ba6010c6,2024-08-06T21:40:55.000Z
moonwell,Aug-2024,0x9dd8dca87a43d0e22a2afcd0e00f68238a727197,2024-08-05T06:23:13.000Z
moonwell,Aug-2024,0x94599741aada66a4687c4a533f4b91c208b5db4b,2024-08-05T01:16:19.000Z
moonwell,Aug-2024,0x7cb432ed91f9d46c49e634268aa5f173b8b63ed1,2024-08-05T00:58:21.000Z
moonwell,Aug-2024,0xf9bb19f7ff06eb71a8f2375aa13185bbcc5570db,2024-08-06T22:05:51.000Z
moonwell,Aug-2024,0x7e5ed75e4668b74dd41adcd7dc04094629495a2a,2024-08-06T21:57:49.000Z
moonwell,Aug-2024,0x60a151d00b592ef23d6fa85e9ff3e7d9698a63e6,2024-08-05T00:55:25.000Z
moonwell,Aug-2024,0xde125aca98d5fb31cad93ce34d277cf6d350f411,2024-08-05T04:12:39.000Z
moonwell,Aug-2024,0xff566ff04c92f508fda0f7a34efca5216d4b58e7,2024-08-04T00:43:39.000Z
moonwell,Aug-2024,0x813146a1b4b0fcc3fdca20bf357945f690f6e99b,2024-08-07T21:52:25.000Z
moonwell,Aug-2024,0xf61488d8c97cbd5ac47eb19034ffca1c543a6f47,2024-08-05T00:39:23.000Z
moonwell,Aug-2024,0xfde4d811cf048e67277520fafd3c6e9c39a24149,2024-08-05T03:58:45.000Z
moonwell,Aug-2024,0x0092d5310a7bd4cf0428c13f40b9d377254fe357,2024-08-06T21:54:35.000Z
moonwell,Aug-2024,0x73ea6bd01354cccef0ec20a1ab87272d1d0c1cbe,2024-08-04T23:04:37.000Z
moonwell,Aug-2024,0x5cb9f46c32034580138411ae3bbf2c68e17cbfaa,2024-08-04T01:15:21.000Z
moonwell,Aug-2024,0x790e3a3510fd6f476c7ad09d1c23f0c09a5654b9,2024-08-06T22:04:29.000Z
moonwell,Aug-2024,0xd345d6a057ac28a3b15f3e20a98454906bf327cd,2024-08-04T23:38:35.000Z
moonwell,Aug-2024,0x9c947ce1200a221332849e8cf3e48af4a2f81630,2024-08-05T23:40:45.000Z
moonwell,Aug-2024,0xbaeeb113dc6fc6a67b5a0bcb8154c6b71081d3b9,2024-08-05T01:06:53.000Z
moonwell,Aug-2024,0x256a1d5b073da8280f812703b80e2eda66ae242c,2024-08-05T00:35:53.000Z
moonwell,Aug-2024,0x7a06ab91db6d295dc9afb6852bef97f174c537fb,2024-08-04T17:10:09.000Z
moonwell,Aug-2024,0x4541e6a4f06038010f4da5f054b613beb94ef5dd,2024-08-05T23:18:49.000Z
moonwell,Aug-2024,0x645bf7d449dc569fc871714cf6b8e2f64704321e,2024-08-04T01:42:29.000Z
moonwell,Aug-2024,0xed778e253e775e923be3a0dd26daf9e1f9289090,2024-08-07T19:55:49.000Z
moonwell,Aug-2024,0xfa98c4a2c79341726a87fab833c7013f14609c20,2024-08-04T15:36:35.000Z
moonwell,Aug-2024,0x1f0818f57f31713fad7cadfc885bf9991986ac0d,2024-08-04T23:30:09.000Z
moonwell,Aug-2024,0xa983bea0c6051e52279f28fc5b8b739325181d25,2024-08-04T21:36:33.000Z
moonwell,Aug-2024,0xbadc2f36b581bd927c69d1c1a855294a03d04dc6,2024-08-05T01:17:51.000Z
moonwell,Aug-2024,0x7f6449383200ca344d49b796c3c9de9628cfa56d,2024-08-04T18:19:25.000Z
moonwell,Aug-2024,0x596209435c43edd617dd4f6dc90204c859e059b7,2024-08-04T23:10:19.000Z
moonwell,Aug-2024,0xdacbd8861d8564d4d1594e0ce6bc0a80d420e560,2024-08-05T01:16:29.000Z
moonwell,Aug-2024,0xa1ba6e5cf64069342dded2d0aa90fd85af6dbbdf,2024-08-05T01:18:13.000Z
moonwell,Aug-2024,0xcea7e3e2ae7c4add9080c5dfe116482a7f84ac4b,2024-08-06T03:42:09.000Z
moonwell,Aug-2024,0x76e8ef64ac0c1834f7e22465414683f1b2e8beeb,2024-08-05T03:47:09.000Z
moonwell,Aug-2024,0xd37238e05379d1b423a302a295cc0de40eacea8b,2024-08-05T01:18:17.000Z
moonwell,Aug-2024,0x415c9112e314a699587c2e79379ada90db805061,2024-08-05T10:16:47.000Z
moonwell,Aug-2024,0xb35ea8e3f31746be51ce8e981ac820251005e5a1,2024-08-04T17:44:47.000Z
moonwell,Aug-2024,0x1e8b844081afa14f4f79530e77426856f5bcdaab,2024-08-04T22:12:29.000Z
moonwell,Aug-2024,0xb47316c1835a3d1db55028989987eba8df9b40ae,2024-08-04T18:33:05.000Z
moonwell,Aug-2024,0x9047d9c1a19964b8e4197fa39fe14ed8d7e35a32,2024-08-05T00:38:53.000Z
moonwell,Aug-2024,0x14eb793a591a2e6738e5ffc1e0405dd6ef0bfbf0,2024-08-04T23:39:03.000Z
moonwell,Aug-2024,0x9834e9da813658728e89409666f2e8e69ebe3860,2024-08-04T02:08:41.000Z
moonwell,Aug-2024,0xa86693888186c3f4632f7ef237ef61c68e983443,2024-08-05T01:18:29.000Z
moonwell,Aug-2024,0xf95e8ed1b61e2ef2e36c8e139166f5c0faa94bcb,2024-08-04T01:46:37.000Z
moonwell,Aug-2024,0x0069143987beb555644a059bd52cc31d87049ec9,2024-08-04T23:40:57.000Z
moonwell,Aug-2024,0x31dd9006530a0b0840472bbe0f80d04e8b1ded29,2024-08-05T01:18:21.000Z
moonwell,Aug-2024,0x8819de9afeeaf113c2fd3c14bcde4d2c9d1efa4a,2024-08-04T01:37:13.000Z
moonwell,Aug-2024,0xcbde323a6a0e441c580ee6fbf1edd6f61e693ace,2024-08-05T03:48:19.000Z
moonwell,Aug-2024,0x697366d9617e651a930fb6c03df1f7a7982f2e8e,2024-08-04T21:11:43.000Z
moonwell,Aug-2024,0x3f4ede810f4a9bc31af56ee3e325848a33f033cf,2024-08-07T14:40:19.000Z
moonwell,Aug-2024,0xf591a317be978d0fad001cafbf965b9234151ab7,2024-08-07T23:53:45.000Z
moonwell,Aug-2024,0xa248851cf7c5413c2367389463ec8ff6faa0b60c,2024-08-04T23:53:21.000Z
moonwell,Aug-2024,0x80a22198caa3b3409f489ca3179c159e93e574c1,2024-08-05T00:38:53.000Z
moonwell,Aug-2024,0xff0b57657588582e86778d23f4c95c66247e5a7f,2024-08-04T21:35:05.000Z
moonwell,Aug-2024,0xd9617f5f9fc92c04047b5ec4a3c04b84603de924,2024-08-04T01:29:53.000Z
moonwell,Aug-2024,0x4e972c7d9f239f8c47dc04571663f54fb54e29d8,2024-08-05T00:56:21.000Z
moonwell,Aug-2024,0xb73a62fd2952ed68243cbd338a1205a0cd68d300,2024-08-04T17:37:39.000Z
moonwell,Aug-2024,0x3a8f09cde2235013266805823049a84eb16f5854,2024-08-05T03:33:11.000Z
moonwell,Aug-2024,0xc4d8e206db8e34c3879352ddcd531f6576f0fa90,2024-08-04T23:54:59.000Z
moonwell,Aug-2024,0x749ccbb63cbe9855531b0297f57feb2360352e1b,2024-08-05T01:17:15.000Z
moonwell,Aug-2024,0x4421f8f8dc5b5801d9f53023d086cea05ff50cf6,2024-08-05T01:18:29.000Z
moonwell,Aug-2024,0x476271caea9db55a645ad498ad1fe6793dbeb601,2024-08-04T17:10:09.000Z
moonwell,Aug-2024,0x6ac8ff02b54df257f1117f28b60fe846f8f4bd0d,2024-08-06T03:51:19.000Z
moonwell,Aug-2024,0xf7dda12c2bda7bcb0332230b5109439bab318196,2024-08-05T10:16:47.000Z
moonwell,Aug-2024,0xa0d7c9ee586e2a052f916e7daca967ba6045206b,2024-08-06T03:52:29.000Z
moonwell,Aug-2024,0x0ccc170b9a2f0177996b0d1540c7d9f47dce3f4b,2024-08-05T00:58:23.000Z
moonwell,Aug-2024,0xe359bc608bd01074f380214ec281ffad0204d2e6,2024-08-04T17:28:23.000Z
moonwell,Aug-2024,0x576a8612c373a0f7fc7ba01b136ebf6fe9346d1e,2024-08-04T21:45:17.000Z
moonwell,Aug-2024,0x8253edfaf6b85f7276e3050c7789938e4b9fffdf,2024-08-05T10:16:47.000Z
moonwell,Aug-2024,0x753a7fc83389534a172143cc53ea1ada84e7444f,2024-08-05T00:55:25.000Z
moonwell,Aug-2024,0x15a6f4838f26dcd66addb453f091685dc1728d89,2024-08-05T01:18:37.000Z
moonwell,Aug-2024,0x2c58b59b1578d749a70d3d081cc08d032dfce5d0,2024-08-06T03:52:23.000Z
moonwell,Aug-2024,0xe2a51cdc23921f9c631c75269cb36106d35b98d2,2024-08-04T22:12:41.000Z
moonwell,Aug-2024,0x82448b2a3e074f274c326df99c0dd39e005bae11,2024-08-06T03:54:23.000Z
moonwell,Aug-2024,0x073b74887bdb9da8f3bec0ae87a5f9b6c1c70c74,2024-08-04T17:10:37.000Z
moonwell,Aug-2024,0xe1fb6bea15d8f6ed62e4962131fd8f6ba0d5cd5a,2024-08-05T01:08:35.000Z
moonwell,Aug-2024,0xc6c9302bf2ef7f53a642e0e73aa8039c0ab402af,2024-08-06T14:32:41.000Z
moonwell,Aug-2024,0xe442527f413cfcf1f7251b43a93985514ed06fcc,2024-08-04T21:44:17.000Z
moonwell,Aug-2024,0xeda5bf3bdd6533b551f51cf942f48052c13b7e91,2024-08-07T21:48:37.000Z
moonwell,Aug-2024,0x515c44cabc42e4952d1ee32719978e7217ff689e,2024-08-05T01:18:39.000Z
moonwell,Aug-2024,0xb597451e9445db90cbb1fa6621e66daed6dee7a5,2024-08-06T04:23:51.000Z
moonwell,Aug-2024,0x2c1e81537511d8d9913d7baac9d5367771b4c978,2024-08-04T22:01:51.000Z
moonwell,Aug-2024,0xb6f77b40d9cd022a6e0a44ae983afc66078077d9,2024-08-04T17:11:37.000Z
moonwell,Aug-2024,0xf0a5becb0fa3d33a3ce9024e276657277a77715a,2024-08-05T21:49:57.000Z
moonwell,Aug-2024,0x90a20675241104a28d77ea3e1f8d2d2e0a692e38,2024-08-04T00:56:47.000Z
moonwell,Aug-2024,0xf9cf320687193680717fccc71c23dc7c97ef8138,2024-08-04T01:35:05.000Z
moonwell,Aug-2024,0x21f4e6923bf280acd44d9354623275c5c021641b,2024-08-05T01:18:29.000Z
moonwell,Aug-2024,0xacab2a357e1b0e4108e4b0715aadcd7368302fb1,2024-08-05T03:53:01.000Z
moonwell,Aug-2024,0xda0abea7d9516ebd38a82df246bd812830462b02,2024-08-04T17:10:41.000Z
moonwell,Aug-2024,0x4a39fb3ded9bf1037002b39d616fed13733c36ff,2024-08-04T23:03:49.000Z
moonwell,Aug-2024,0x588fc474eba9de2629a478b9fcb5b6a95a171c04,2024-08-06T03:57:09.000Z
moonwell,Aug-2024,0x996181e5a26df657e56b4e7161f19d06d0ce8b99,2024-08-04T01:38:53.000Z
moonwell,Aug-2024,0x1678509f144bc353c650f5417ffee0d51bb45a69,2024-08-05T06:12:07.000Z
moonwell,Aug-2024,0x44c873bac56df46b7e3143b223849aebef64c758,2024-08-05T10:44:41.000Z
moonwell,Aug-2024,0xe4b637acad57c7b778b432ffcb5efaabbab45301,2024-08-05T01:18:39.000Z
moonwell,Aug-2024,0xae1cbe8f7c2f674efce1b39b31f74f5e1a5308bf,2024-08-06T22:07:41.000Z
moonwell,Aug-2024,0xe8dbe4842566bcc292a811c71e8df3ebb23098ad,2024-08-04T21:54:03.000Z
moonwell,Aug-2024,0x33cf938d87d8479df5c3c8adf047a007472f85e6,2024-08-05T06:38:43.000Z
moonwell,Aug-2024,0xdd1461e74489e1e5094c251670f3100c5be3ccb3,2024-08-04T01:48:07.000Z
moonwell,Aug-2024,0x0ddb52057ee600b461fc1093b47af5ea6239984d,2024-08-05T01:25:29.000Z
moonwell,Aug-2024,0x88e57c01beba95b51006df6de835fdec38d370af,2024-08-05T01:10:51.000Z
moonwell,Aug-2024,0xe68f5e82929073d9a580b89b3a8e01ba1712d397,2024-08-05T04:16:55.000Z
moonwell,Aug-2024,0xd10da00b151bf8b9325fdad2f7df820173f82250,2024-08-06T21:50:31.000Z
moonwell,Aug-2024,0xdd72bc08d4769fce58eff67402efe175f09ef23c,2024-08-05T04:10:49.000Z
moonwell,Aug-2024,0xd0b97e7a82c45dec8a8b1b30dd46c95937725c71,2024-08-05T21:49:57.000Z
moonwell,Aug-2024,0xfb80d4850bf15a14d0fd6720e73ef49922910a17,2024-08-04T01:43:05.000Z
moonwell,Aug-2024,0xed30c218d1433b43433561858baff0fc707702f9,2024-08-04T21:47:15.000Z
moonwell,Aug-2024,0x2d2f3aeb4e2a942eb8820293c6b5e0db512feea1,2024-08-05T00:36:59.000Z
moonwell,Aug-2024,0x979192d01aaa43d9973fc3984a64b11f34375346,2024-08-05T02:18:07.000Z
moonwell,Aug-2024,0xc8219abc650309e02894d5553c1cb3a0b387a08f,2024-08-05T01:18:05.000Z
moonwell,Aug-2024,0xf999c40179b8c7c373135ba35bb60d60c868268e,2024-08-04T16:55:47.000Z
moonwell,Aug-2024,0xc8bca413af14f3e86654d6244b43757c30c88e0e,2024-08-06T22:07:55.000Z
moonwell,Aug-2024,0xb3c28a7e3d4c924874f951ab62de5c084b50f797,2024-08-04T00:17:13.000Z
moonwell,Aug-2024,0x6a4cfccdcc2b3252577e809795883ae8093e5622,2024-08-05T06:07:41.000Z
moonwell,Aug-2024,0xf9d9a0e5481b60107ece227c599b5c4f3ab4a7ab,2024-08-04T22:07:53.000Z
moonwell,Aug-2024,0x3a55946be2e427479b3233d8884498644bcffeb0,2024-08-04T22:01:33.000Z
moonwell,Aug-2024,0x9f4511984b6c84e20def66f6d2259e3afb4b5f29,2024-08-05T01:16:29.000Z
moonwell,Aug-2024,0x26f381180b6694a516d7153504af4f4eb15a3f15,2024-08-04T15:26:35.000Z
moonwell,Aug-2024,0xa162c6bb3fea2c8d95546ecf0c6556e5769a795c,2024-08-06T22:13:37.000Z
moonwell,Aug-2024,0xc0242b61dc365ff6d284f015bf9ce7203995cd4d,2024-08-06T03:52:49.000Z
moonwell,Aug-2024,0xd29d86287d705d3259fbc506da95a67c9d498ac7,2024-08-04T00:05:31.000Z
moonwell,Aug-2024,0xaaacb0322dd57dded2ec12929a908b5440388a54,2024-08-05T01:10:51.000Z
moonwell,Aug-2024,0x5f1c0ed9661b2e9b1f737b962fe67e3ff68c84fc,2024-08-05T00:58:21.000Z
moonwell,Aug-2024,0xa895866a70015f2543e4544004752e0cbf5b9fd6,2024-08-06T22:24:35.000Z
moonwell,Aug-2024,0x803dc8e8468155d2aa36dee893e36eace43f095d,2024-08-04T15:11:01.000Z
moonwell,Aug-2024,0x81e7af409d98b16015e37f9e672d5bccc5fbb7ad,2024-08-04T17:42:09.000Z
moonwell,Aug-2024,0x28df8eebde76082b75ee72e41dc2e1b68e74988b,2024-08-04T23:26:03.000Z
moonwell,Aug-2024,0xe762062bac93bf0654531eeb8f828294763c5a04,2024-08-05T12:29:31.000Z
moonwell,Aug-2024,0xfa2370496a4b03cb1fa2a8c81815a6ee064e11b0,2024-08-07T23:25:35.000Z
moonwell,Aug-2024,0x3114cbcdf039bacb9d2efe8084bf6217724ea4ee,2024-08-04T17:45:09.000Z
moonwell,Aug-2024,0x649a9b3a73abe36e3eb145b641e5a181e2f3fa2e,2024-08-05T01:25:29.000Z
moonwell,Aug-2024,0x5fb97845d085154fb6d60504b02f852bae879be2,2024-08-04T00:58:07.000Z
moonwell,Aug-2024,0x84680dbacab04efe2b4b68ad03353dfae3a326be,2024-08-04T17:42:09.000Z
moonwell,Aug-2024,0xad4cab62d488607a831fd72283c9ff73d3aa6d8d,2024-08-05T03:46:59.000Z
moonwell,Aug-2024,0x7f5f3cc03e4568f1191d3ebe268aa4aabb50c970,2024-08-04T15:58:35.000Z
moonwell,Aug-2024,0x011e78b3d4e32aff787b013c3b34d06308a44821,2024-08-04T17:11:37.000Z
moonwell,Aug-2024,0x761cf140cbb8072c5f34c02640b4d2857b7bac6b,2024-08-05T23:48:25.000Z
moonwell,Aug-2024,0x0ad9a28309392cb01db013238148d0a331ed268a,2024-08-05T10:16:47.000Z
moonwell,Aug-2024,0x088ae6813d1a749b3862b6678f3844f1b9b21722,2024-08-05T05:10:05.000Z
moonwell,Aug-2024,0x8e11041f6f7cc4410f2a6c4a85f42ebfc62677d7,2024-08-04T17:02:37.000Z
moonwell,Aug-2024,0xa585cb76c38d62ea3ec0700cd8deecb53fe6e657,2024-08-04T23:07:51.000Z
moonwell,Aug-2024,0xba41afe55d36e48010a6685f87fe75e3022bdf9b,2024-08-05T10:16:47.000Z
moonwell,Aug-2024,0xa064b34dc0aeef23e48b400dc4b0a3f940b55865,2024-08-04T18:46:37.000Z
moonwell,Aug-2024,0x00b05b02eea38d115758b850fef90b643a5e6760,2024-08-04T17:45:07.000Z
moonwell,Aug-2024,0x5c9de48bc2fcd3fba6208612ef9a8fd5fe52dc6d,2024-08-06T04:26:23.000Z
moonwell,Aug-2024,0x3dc994397c056732d2e20cd3741fb7f9d4eda1f5,2024-08-04T23:40:29.000Z
moonwell,Aug-2024,0x7a953ecf966a6853b2e8413c3fb31a1df795751a,2024-08-04T23:22:17.000Z
moonwell,Aug-2024,0xa04ca77765c3b79524fdf89216a8d94fe120bf4e,2024-08-04T23:50:35.000Z
moonwell,Aug-2024,0xee528d71ccae5f4a47e450f370df54fe6a86349a,2024-08-06T03:57:39.000Z
moonwell,Aug-2024,0xf7f089f5f17ffac533a005ce1a0f7b676df93798,2024-08-04T01:41:19.000Z
moonwell,Aug-2024,0x912d956984da69c53c778d58bad72fc3ccfb1ed2,2024-08-04T00:48:07.000Z
moonwell,Aug-2024,0x227727dfc2b60affb9f08572ff6a0b422dca3b2d,2024-08-07T23:51:33.000Z
moonwell,Aug-2024,0x9ef27257d85cf40cc6ee460603e5ed0ab1b91afc,2024-08-04T18:18:11.000Z
moonwell,Aug-2024,0x9aedb0af77d6d02cc75691bb007b3fc037590115,2024-08-05T01:26:01.000Z
moonwell,Aug-2024,0xcf2a8b8563ee046bccbf33fc58c6d29b1db0c6ae,2024-08-04T16:58:37.000Z
moonwell,Aug-2024,0x2e63a95af55f82f77badbe12da22b59afbf2ea98,2024-08-05T07:32:55.000Z
moonwell,Aug-2024,0xe708c0a4595de83135a8732ab87f2706d1ace7f7,2024-08-05T01:17:23.000Z
moonwell,Aug-2024,0x0eccdc8512cf12f188750d1b55c739d55cc27766,2024-08-05T01:15:47.000Z
moonwell,Aug-2024,0xee1741b679838b9a1e7db2305e2df68cc62e39d1,2024-08-06T21:49:23.000Z
moonwell,Aug-2024,0x1ac09a631b8f3d65120d6c413af5a7bbb9360b5b,2024-08-06T03:48:19.000Z
moonwell,Aug-2024,0x7809c19e729a75b0345e409416b6d5dba78a9058,2024-08-04T23:31:15.000Z
moonwell,Aug-2024,0x221b448d54815d84113ae44a8936ea297cec145e,2024-08-04T17:45:11.000Z
moonwell,Aug-2024,0x02852cfeec785fb6cb6a21390c3f4f04de310f88,2024-08-05T03:47:35.000Z
moonwell,Aug-2024,0x154b4661a08eaffc746bdf7451a17ee50ee904cf,2024-08-04T17:45:15.000Z
moonwell,Aug-2024,0x3e5e99b1f01c179ec6f57dd96caf35be721d4452,2024-08-04T23:50:09.000Z
moonwell,Aug-2024,0x32796122ff01bb6cf76bdbfe6835e6ebd539708b,2024-08-04T01:15:43.000Z
moonwell,Aug-2024,0x48feceef63bbeefc9c7435d9e80810ccfdcb7194,2024-08-04T23:20:59.000Z
moonwell,Aug-2024,0xb09a7c7ebb2eca4a285c242be592bba3cac28a3a,2024-08-04T01:39:05.000Z
moonwell,Aug-2024,0x4958de64e0f9b2f8c62a3a89caf1facf9c41224c,2024-08-05T06:23:43.000Z
moonwell,Aug-2024,0xc6d667e1fd1db2fc7fb709704df5daf06fc53122,2024-08-05T06:33:07.000Z
moonwell,Aug-2024,0x15de1993a1b9187603faf6e016be26b8669aa4e8,2024-08-04T23:05:41.000Z
moonwell,Aug-2024,0xbe5e505db49612371b17a1eb2ed3ba869dc7f1cb,2024-08-04T16:58:23.000Z
moonwell,Aug-2024,0x342eaa0272349fd823d5f0e552cd948899c951c1,2024-08-04T01:10:05.000Z
moonwell,Aug-2024,0xcee5178b093f365b0b5b00170815d03f509ab777,2024-08-05T00:41:55.000Z
moonwell,Aug-2024,0x48b24ad67bdabb86d1f928801448eea6c750a070,2024-08-05T01:18:19.000Z
moonwell,Aug-2024,0x722719b0057774fb0ec28e7a87e80fd8f4c3a759,2024-08-05T00:24:51.000Z
moonwell,Aug-2024,0x12de65661bed52f58149b7de18901a8bcece7f95,2024-08-05T00:15:15.000Z
moonwell,Aug-2024,0x853658d1efc80d1f1a33f2843dc7599f57e685ab,2024-08-04T20:45:05.000Z
moonwell,Aug-2024,0x441be9e210170cc107e33a5f25dd6d7fff5592c4,2024-08-05T01:26:01.000Z
moonwell,Aug-2024,0x9238a56afb225c12437f5a76f4ace48c3f151570,2024-08-05T10:16:47.000Z
moonwell,Aug-2024,0x491b44c7e34684b2fa06b693217720aa50735c48,2024-08-05T00:37:55.000Z
moonwell,Aug-2024,0x0bc4e3b7e97fb4d5d4e244cdf1e4fe59b3f94597,2024-08-04T23:42:01.000Z
moonwell,Aug-2024,0x470adb25b074483d3aff3be17d83949bf2a2f4b9,2024-08-05T04:14:07.000Z
moonwell,Aug-2024,0x4c81f1b8b4a6b1897c18f5edd110a96ff94c9fde,2024-08-05T01:25:29.000Z
moonwell,Aug-2024,0xd301ed282c6837d8eb975f2e1962710dc32191c4,2024-08-05T01:17:03.000Z
moonwell,Aug-2024,0x892e1727c1feb86f02602368519a96be85325e40,2024-08-05T01:17:15.000Z
moonwell,Aug-2024,0x228df381f2113957ea22c934b7e3204e8215a693,2024-08-04T01:03:45.000Z
moonwell,Aug-2024,0x7087bbeace2945bf8079ee791e5635116393a807,2024-08-04T14:39:49.000Z
moonwell,Aug-2024,0x62560a6c708964277f3480e5217b2aaccdaa4023,2024-08-05T06:51:55.000Z
moonwell,Aug-2024,0x0ddc924fff87b5deaff7ce40576b46031ed88abe,2024-08-04T01:41:43.000Z
moonwell,Aug-2024,0xd94ee2ad355aeb4b6bc596faf380a98177cd1533,2024-08-04T21:26:47.000Z
moonwell,Aug-2024,0x6ed3018f144d5829267fc07aafef92535ec93150,2024-08-07T23:57:45.000Z
moonwell,Aug-2024,0x1443b8a3178954bbe2168de498a20b7fe5f3ac9c,2024-08-07T23:37:13.000Z
moonwell,Aug-2024,0x7989a9d9ba0e3ae4d7be6fbeaa95db47cd1e7b51,2024-08-04T23:22:53.000Z
moonwell,Aug-2024,0x435ba13dac684a49fa97229053a96a4e73d5b405,2024-08-06T21:58:35.000Z
moonwell,Aug-2024,0x88d8d4daaeb73846374c5a09a1c33b5ac9fbbb7f,2024-08-05T04:01:37.000Z
moonwell,Aug-2024,0x215f3e47f8d874cc793fd93e0c8388b7288a575d,2024-08-05T01:24:57.000Z
moonwell,Aug-2024,0x77747340e9dd23071ce000d4133b4cc7a8f4ce24,2024-08-05T23:51:37.000Z
moonwell,Aug-2024,0xc8cda2b5d37e6b6290154df8f0981e2d0ca71f49,2024-08-05T02:17:31.000Z
moonwell,Aug-2024,0x7b9a04e033ff66d9f710699ef3365b60b3bf4bf8,2024-08-06T21:44:47.000Z
moonwell,Aug-2024,0x2b0a717bf9395698f9b546f0042d6a6c078cbccb,2024-08-04T23:47:51.000Z
moonwell,Aug-2024,0xe07d94ec3f257a38f5dcccffb40ba07f5b9fa23a,2024-08-06T03:57:29.000Z
moonwell,Aug-2024,0xa718ccd1dabd07a2fe7822f6d0fde0529ad80366,2024-08-05T01:16:21.000Z
moonwell,Aug-2024,0xe5cf812274922c2ab5c638775c9efacc90bb5102,2024-08-06T08:37:17.000Z
moonwell,Aug-2024,0x967db7955e3b4ea752d6adccf90f9417db888c6d,2024-08-07T23:50:17.000Z
moonwell,Aug-2024,0xed273754f3d6c4bf3419ad1355a4a8474e7d373a,2024-08-05T03:44:05.000Z
moonwell,Aug-2024,0xbad78052d04c2603ea743f0e2aadcefa2a0bbfbc,2024-08-07T23:51:01.000Z
moonwell,Aug-2024,0x8e9a3c32ae1ef839377eae95a21b39b6a51222c1,2024-08-06T04:23:39.000Z
moonwell,Aug-2024,0x92bf08ce760b7e28ea71ca264fc28bdba7c04b31,2024-08-04T21:56:45.000Z
moonwell,Aug-2024,0x3830146e3e47857179538c9b63cd720a84d7a7a1,2024-08-05T00:38:53.000Z
moonwell,Aug-2024,0x25e4a454ca95b8bfdb462199b218c8fcba95a862,2024-08-04T21:54:43.000Z
moonwell,Aug-2024,0xde6d8361a4d7029e9c2fcf21ad1ae2774b1565df,2024-08-05T21:49:57.000Z
moonwell,Aug-2024,0x278a1f6632ae29eee403d92ce63346969e052ca3,2024-08-04T15:58:37.000Z
moonwell,Aug-2024,0xff0242b19ab07bc3dcdab1242bdab67ef0fc06f8,2024-08-05T02:14:27.000Z
moonwell,Aug-2024,0x2fed094361a8696c2aa3620b491776120680b690,2024-08-05T23:50:41.000Z
moonwell,Aug-2024,0x740380ca92b789adc304f9de61668c8b670ba3d0,2024-08-06T03:44:17.000Z
moonwell,Aug-2024,0x42d13e8cb1630493d15cffc572360cdcaaf59514,2024-08-05T00:56:27.000Z
moonwell,Aug-2024,0xc8309649e91ae6e6d5205516429b1d5685d58894,2024-08-05T00:13:39.000Z
moonwell,Aug-2024,0x7c64b29f775ad43b3f6cc6a99bb29c2a1cd5fb85,2024-08-07T23:54:35.000Z
moonwell,Aug-2024,0xa235f1a21a1bfee104a8e15f96baa2799c77794c,2024-08-07T23:26:35.000Z
moonwell,Aug-2024,0xd35f50a4a233376468a064001eb374d388f8afcf,2024-08-05T04:03:09.000Z
moonwell,Aug-2024,0xf73f2932df4264f07a45f0278929c5c26397c4eb,2024-08-04T16:05:03.000Z
moonwell,Aug-2024,0x98cc943fddb0963696e11e459432f1b780a391be,2024-08-04T22:01:09.000Z
moonwell,Aug-2024,0x592d368181e6a32a780ac4887c2585028af20c46,2024-08-07T23:39:15.000Z
moonwell,Aug-2024,0x5e317b74272b6f127def505b9ebebe98f175c674,2024-08-06T22:19:21.000Z
moonwell,Aug-2024,0xf0d3d8c009ca4fc1d17351ad5f2d488604826424,2024-08-04T22:21:15.000Z
moonwell,Aug-2024,0xdcc4dfe2db0a3281d4239cdc709ac12565c7dead,2024-08-04T20:35:17.000Z
moonwell,Aug-2024,0xcb26dce49bef830f447cb23c6d2a8d82e4a3c89c,2024-08-04T23:29:13.000Z
moonwell,Aug-2024,0x6411c2053fca6bd3162f3bddead01997e059736f,2024-08-06T21:58:51.000Z
moonwell,Aug-2024,0xcb8f074b6fc0b0e5567404c91aa9a5932dd4bcb2,2024-08-04T15:29:51.000Z
moonwell,Aug-2024,0xe894575004113373d68535ee8e0b7e880278dcf9,2024-08-05T01:15:51.000Z
moonwell,Aug-2024,0xf88f89d1187f11bc2b9415b5577c66de61b2add9,2024-08-05T05:12:39.000Z
moonwell,Aug-2024,0x4776cc5cc49f7795902f62ca0a75b28ea00820a3,2024-08-04T21:15:53.000Z
moonwell,Aug-2024,0x9853aa363fdb85dc848f40a2bd89cd931f7c8438,2024-08-04T23:28:37.000Z
moonwell,Aug-2024,0xf42fc33904cc0c95417b3cb1dd568263fa8e29c8,2024-08-04T00:09:31.000Z
moonwell,Aug-2024,0xac37c84d425128462971c2c7d3ccfbd1166f4308,2024-08-05T01:26:03.000Z
moonwell,Aug-2024,0xaa83b067e4466b3b180c72c40d5136afa251f825,2024-08-05T11:29:05.000Z
moonwell,Aug-2024,0xcbe4038abf7f42b4dfaf5e87b75dc447f7b4a3c7,2024-08-05T04:12:03.000Z
moonwell,Aug-2024,0x38c5dc823541bdd488fef45e9833cab42236b723,2024-08-05T10:16:47.000Z
moonwell,Aug-2024,0xb04f64a1ebd8b31eb7b7988c8969f7f504f967ec,2024-08-04T01:39:35.000Z
moonwell,Aug-2024,0x19fa8d84189caa701a4398ed6654b0791270ccf9,2024-08-05T01:16:29.000Z
moonwell,Aug-2024,0xd1cd3c3372b6fdbbcda34362457509dd93fc2fe8,2024-08-04T00:51:47.000Z
moonwell,Aug-2024,0x0ed66325c399c5b38387485238e0b0102095e18e,2024-08-04T21:49:15.000Z
moonwell,Aug-2024,0x93e5bed871f5f3129bb9d1d9c26e1724a95cd91e,2024-08-04T23:08:25.000Z
moonwell,Aug-2024,0x766e9b3b0267889502e2756f77ec09c2e4aba869,2024-08-05T06:26:07.000Z
moonwell,Aug-2024,0x659c9c758dc769bf174a6a87371ebeae30ce1a5b,2024-08-05T01:19:13.000Z
moonwell,Aug-2024,0x6cad957812f1bb9ab9364f20cfa15482bce9de77,2024-08-05T00:14:57.000Z
moonwell,Aug-2024,0x847a2a2c2a5210feee8b62ab8b35a020ac9de9a0,2024-08-05T01:26:03.000Z
moonwell,Aug-2024,0x60af230c350e59085f718a333adfa13181d8ff2b,2024-08-04T14:49:31.000Z
moonwell,Aug-2024,0x6c7fecc3b76c752bcc0b12a60a701dd95c4ec426,2024-08-07T23:24:51.000Z
moonwell,Aug-2024,0x122bca0d8b5e3a8e416ecfccaae2fece58e28bef,2024-08-05T00:55:25.000Z
moonwell,Aug-2024,0x3c7b16f50525c81d58c70196cb21b5b450ff7494,2024-08-06T22:09:31.000Z
moonwell,Aug-2024,0x2ad4d44e2e83bd633a91f0eddfc0e05654d0a647,2024-08-04T20:45:51.000Z
moonwell,Aug-2024,0x54ed45aff3462d5e0b073d8e446eae7e758644b3,2024-08-04T15:56:05.000Z
moonwell,Aug-2024,0x856b63349fb6c818ea7cd7305483ae0ef6956f6c,2024-08-05T00:55:03.000Z
moonwell,Aug-2024,0x52ce00bfc586ffd2d8f8721f3896f57c6d6730fe,2024-08-05T01:08:21.000Z
moonwell,Aug-2024,0xf0cf593a666dc3e68564221ead08fdbcdd6a0998,2024-08-04T01:38:21.000Z
moonwell,Aug-2024,0xa9db32e0b0b864c48974cef74f19dc4aae54e0ef,2024-08-04T21:49:35.000Z
moonwell,Aug-2024,0xbaed815d3664dbfc9cf7c669be21648ad1d60467,2024-08-05T01:25:57.000Z
moonwell,Aug-2024,0xfaf669251d98f9b60e505aff9973dcf9b8cecbbd,2024-08-04T21:25:05.000Z
moonwell,Aug-2024,0x4408e04e4d8aeb7edbc0bc0ae66028762fdf29e5,2024-08-05T01:26:07.000Z
moonwell,Aug-2024,0xa092aa692214c56f73d4df31a0e335cc020c5075,2024-08-04T21:42:55.000Z
moonwell,Aug-2024,0xb3b15669bbeee583e76748aefc6fb63a375e0260,2024-08-05T01:17:17.000Z
moonwell,Aug-2024,0xf0d6415ef46b41eb259dc21925b3742dc18ffa46,2024-08-07T23:43:23.000Z
moonwell,Aug-2024,0x81f0bddaaa8a026b90e19a948ad9e4ebcb14f49a,2024-08-05T01:18:19.000Z
moonwell,Aug-2024,0xc790fbfaa1721104f2a753a8340e2c6a1c741c6b,2024-08-06T03:59:19.000Z
moonwell,Aug-2024,0x3c325bb33e709cfa2c3d604cc9331c7f313060d8,2024-08-05T06:43:09.000Z
moonwell,Aug-2024,0xfc06e1339987884045f51d2b075431398239bd53,2024-08-04T22:59:49.000Z
moonwell,Aug-2024,0x3075abddb070a6847bee1723b4f429db462d565a,2024-08-06T22:03:31.000Z
moonwell,Aug-2024,0x6be03acf1c15fbd00f70ff1ee51e9d8db5564084,2024-08-04T01:07:21.000Z
moonwell,Aug-2024,0x84851fb5d3b5a82a268fbb62072b1cab3b91d75a,2024-08-04T15:26:51.000Z
moonwell,Aug-2024,0x717af255102a7b502e312a3054f9595242fbd01d,2024-08-07T23:51:57.000Z
moonwell,Aug-2024,0xd96112f075aab1c1c46432c008af5fc1f480bb53,2024-08-05T01:06:53.000Z
moonwell,Aug-2024,0x32d7db1f6cbf887b5f155773e39b815a554dee7d,2024-08-05T01:18:05.000Z
moonwell,Aug-2024,0x242ee615d46f3115012022be6e5e49aa4be1565b,2024-08-06T22:21:53.000Z
moonwell,Aug-2024,0xfb73bac0f634b32be7a9640b1a2f95110a05374f,2024-08-05T02:14:27.000Z
moonwell,Aug-2024,0x9196a9ffbcced827fe2f3b52b89e9f8725d59999,2024-08-05T00:23:29.000Z
moonwell,Aug-2024,0x74d3a46fe7cca165b2b5b68c7f19a37f1a040f0f,2024-08-04T17:45:05.000Z
moonwell,Aug-2024,0xee1ee1cf3953afcdfcf53c634fdf27bb9f1d6900,2024-08-05T23:05:21.000Z
moonwell,Aug-2024,0xe53a2d38703c9b29e221458b06b870ad9341d478,2024-08-04T01:11:41.000Z
moonwell,Aug-2024,0x8004b8bcb79f9453dbea81ba19262f153a423871,2024-08-05T00:38:51.000Z
moonwell,Aug-2024,0x8860c0f266246b572109e6e72574e8c0edb754e3,2024-08-07T23:49:33.000Z
moonwell,Aug-2024,0x87bf2eb82824f23fec59e185a865f571655208de,2024-08-04T15:33:29.000Z
moonwell,Aug-2024,0x01503b8fdf45b4277d0f1e29eb94cb47a27aeffb,2024-08-05T06:21:29.000Z
moonwell,Aug-2024,0x5c919086c8dc46188d6314d919f729958f565702,2024-08-05T10:16:47.000Z
moonwell,Aug-2024,0xbd8ddfb67702106bad7abfbb05f5858e12bc53d5,2024-08-05T04:11:25.000Z
moonwell,Aug-2024,0x23b109ebfa0938a044f5bd00ae214d21009023e8,2024-08-05T00:24:07.000Z
moonwell,Aug-2024,0xc6b4fcc84beb55de6c5cba66b48364db088612eb,2024-08-04T21:12:19.000Z
moonwell,Aug-2024,0xcc1c16d0c6b5583ae64ba5cf2a1568f3136328a2,2024-08-05T01:16:19.000Z
moonwell,Aug-2024,0x9b42eb19b0d46feb3abcea64352c5972438fa494,2024-08-06T03:47:45.000Z
moonwell,Aug-2024,0x22650ee41246b59ac7136cd8d8d737898840fda2,2024-08-04T23:17:45.000Z
moonwell,Aug-2024,0xcc7bb7487d7b01a50f2ba3eb0392a4d34fdc7db2,2024-08-04T23:13:31.000Z
moonwell,Aug-2024,0x16c6edec372064c8b6013e95f890cd1d4b1da3ae,2024-08-04T21:41:23.000Z
moonwell,Aug-2024,0x5717dc2891833078e1b5b3785cf50d787b345eea,2024-08-04T01:08:15.000Z
moonwell,Aug-2024,0x6071b610694db4c502da5370ee39623008db0e03,2024-08-05T00:57:25.000Z
moonwell,Aug-2024,0x89a24dbf9755d8d1203a8af28b674b936671b2a3,2024-08-05T02:14:27.000Z
moonwell,Aug-2024,0x4903cb9e427ded0e36598bc65c815052c98afeac,2024-08-04T17:45:09.000Z
moonwell,Aug-2024,0xd72cb7bcbb18d16ec50cedd58ce298bbb8a6ba22,2024-08-04T23:50:47.000Z
moonwell,Aug-2024,0xde3ed18733fd9c9f7b9ff9b5f86b6ef42a2600ef,2024-08-04T17:23:15.000Z
moonwell,Aug-2024,0xee457a8e92cee5c6611eda4efbe2b80dd20399e2,2024-08-04T01:45:09.000Z
moonwell,Aug-2024,0xf283b51af2cb74b51602fcf6670abde69cf97573,2024-08-05T01:07:59.000Z
moonwell,Aug-2024,0xbdec7287c08c0c153f9843c4796d59e3bf7178e4,2024-08-05T01:15:41.000Z
moonwell,Aug-2024,0xc1b94bbdba7cf440e523ad00d56dfccd1dcdda77,2024-08-05T01:18:19.000Z
moonwell,Aug-2024,0x7f9617dc0bb83a9940f17c3bd306bfddf40e9626,2024-08-07T23:48:59.000Z
moonwell,Aug-2024,0x15ff10b529de772dcbc4c5615e41428680042187,2024-08-06T21:59:13.000Z
moonwell,Aug-2024,0x14ec61ec31fb207d6a11f55c1dbffe77849e50b5,2024-08-06T04:15:51.000Z
moonwell,Aug-2024,0xd07794d328c223483af7e599401dd89d35d30a6e,2024-08-04T01:36:35.000Z
moonwell,Aug-2024,0xb675e3831f944a9508eb5d5960848e5ec6597cb9,2024-08-04T17:50:29.000Z
moonwell,Aug-2024,0xaaaee19443e7b609debfbc05e9932588dcfb3fcd,2024-08-05T10:16:47.000Z
moonwell,Aug-2024,0x0f4a26726fc3a6e3284d51cd238a082975ab309c,2024-08-05T01:15:47.000Z
moonwell,Aug-2024,0x67e9d64fc6817c41aea67b3e1572647a68202dae,2024-08-05T21:49:55.000Z
moonwell,Aug-2024,0xf65415a8726fe25f0f62690e3039530c4be67272,2024-08-04T01:41:05.000Z
moonwell,Aug-2024,0xb780077031ac50ee7cd917fa52c90b0f984769e6,2024-08-04T17:24:37.000Z
moonwell,Aug-2024,0x923d552ce3f76c810c2148a694c24cb6766f7c79,2024-08-07T19:57:27.000Z
moonwell,Aug-2024,0x21d054f3ae19bc2d69a78f22e63ea91922b77f8b,2024-08-04T00:39:23.000Z
moonwell,Aug-2024,0x83bacefbd4c9448b0b19a8e20cac1a21f8fe0dfc,2024-08-04T21:48:57.000Z
moonwell,Aug-2024,0x0f889332dfb8d1cd8d0751d4abd341f0f71ab1ee,2024-08-05T06:30:09.000Z
moonwell,Aug-2024,0x77e2ee4dda5eff360d4c2c4e828de7eed00a6063,2024-08-05T03:37:49.000Z
moonwell,Aug-2024,0xf8116b3dbea89f6db0dd03cbd1b654e0a3803031,2024-08-05T06:25:07.000Z
moonwell,Aug-2024,0x3be1b64d5258dfb7e033e9fe28e7145e50b89d98,2024-08-05T11:23:07.000Z
moonwell,Aug-2024,0xfaa8b09543748cd3d0824462d2b7e3440ac435ba,2024-08-04T17:45:09.000Z
moonwell,Aug-2024,0x788791975ddfb0c81bf0475f35055c94956ad70d,2024-08-05T06:25:41.000Z
moonwell,Aug-2024,0xf757e15236541b1ac655fac43816015d2a1fdd90,2024-08-05T00:14:57.000Z
moonwell,Aug-2024,0x40d858cbd3dfd86397dd9478e2287044419f8926,2024-08-05T01:17:15.000Z
moonwell,Aug-2024,0x0649f88305592a377612a67485c5e58f3eb765c0,2024-08-04T19:54:33.000Z
moonwell,Aug-2024,0x1ee20516bbbb3040a222fd9ad942aa822d85156e,2024-08-06T03:54:43.000Z
moonwell,Aug-2024,0x3db1204300a4b33cf8725bb37ba69c0b270b91d6,2024-08-06T04:00:57.000Z
moonwell,Aug-2024,0x2f66d68381dbd3a94c051e2039ff8e06ba06cf24,2024-08-07T23:33:05.000Z
moonwell,Aug-2024,0x57e6ee00a8f62c85113dfb5ec6b09b03cc24858d,2024-08-05T00:30:21.000Z
moonwell,Aug-2024,0x47ef34dee59ff46fa02614347d7b3b1e41c098aa,2024-08-04T17:45:15.000Z
moonwell,Aug-2024,0x4a250c861962adb16ea1f0f7c3cb366dcd776626,2024-08-04T23:08:35.000Z
moonwell,Aug-2024,0x58db26f521b6a0ac5afd55f9cfd1be9971ffc6d3,2024-08-04T21:59:23.000Z
moonwell,Aug-2024,0xcd682c5620f816a0411d14e261e77c96787ce895,2024-08-05T10:23:29.000Z
moonwell,Aug-2024,0xfe29a75e9149a44a6fae7de24c7ea9018ee4b166,2024-08-04T21:55:17.000Z
moonwell,Aug-2024,0x5cebadee3e92f80348e14817178d7f71aba5481e,2024-08-07T23:59:59.000Z
moonwell,Aug-2024,0x110d34df7ecbbf425ce6c3305c021ec72cea1fc8,2024-08-04T21:48:43.000Z
moonwell,Aug-2024,0x2b3cf5af4946643e7373a57410158427329eec53,2024-08-05T00:56:27.000Z
moonwell,Aug-2024,0xbbd49f3e43bfc64d4a8be421eff8d8d38ecb2fe0,2024-08-05T00:37:51.000Z
moonwell,Aug-2024,0x72511174f384f6d009717d074407ae7c47e6035c,2024-08-07T18:30:37.000Z
moonwell,Aug-2024,0x2fe68259949a5d4db2f051d0549209cbfcc13e5e,2024-08-04T20:41:07.000Z
moonwell,Aug-2024,0x83cd771f1a94664b2c9a1139dfce91c46b8194dd,2024-08-04T01:37:27.000Z
moonwell,Aug-2024,0x17e78bde92c171a7d8b28d9290d2f358755be109,2024-08-04T15:26:35.000Z
moonwell,Aug-2024,0x65d2dcb1e13fbab3e34e4494ebae7004667f041d,2024-08-04T00:52:55.000Z
moonwell,Aug-2024,0xdbfddb29efc527e702010ab6d1bb48eb4ef9a48e,2024-08-05T06:19:03.000Z
moonwell,Aug-2024,0x6aceda3161b3fde509e0a85ecd42198ed35001b9,2024-08-04T21:28:45.000Z
moonwell,Aug-2024,0x8a4578a5673577dcb3822d3149a3d7197c57f2d2,2024-08-05T10:16:47.000Z
moonwell,Aug-2024,0x35f6050c9c73ccdffcdb8095267a1d51c9e6a1d8,2024-08-05T03:37:39.000Z
moonwell,Aug-2024,0x572f2988b5a64d0ee8da92d9f47aa0d03ae2439d,2024-08-06T21:48:53.000Z
moonwell,Aug-2024,0x2582819bbde0b0ceb84fd59405fdb4f920b2a05f,2024-08-05T01:07:59.000Z
moonwell,Aug-2024,0x266b18e82bd3b2166ec7705d229c00ebb62123b3,2024-08-04T16:55:47.000Z
moonwell,Aug-2024,0x30ce0f3810bbaad3b148c651bfb97edfb4af06f6,2024-08-05T01:24:55.000Z
moonwell,Aug-2024,0x08d15ab680623298615187ca89e5561d57210f8b,2024-08-05T10:16:47.000Z
moonwell,Aug-2024,0x394c6354030138548853bb51b6312688275e2973,2024-08-05T03:54:31.000Z
moonwell,Aug-2024,0x98286d6b494e237bc4ab185f7cb116c1f10fb439,2024-08-05T01:24:59.000Z
moonwell,Aug-2024,0xce8453cc4200c37b25fef3c8c90f544d1370e248,2024-08-05T01:16:31.000Z
moonwell,Aug-2024,0xb7ac8a9bddf26a9e5cfec84aa2972861c967609e,2024-08-07T23:34:47.000Z
moonwell,Aug-2024,0x5ab1bc5078a41ff0ee04f10220a61b4a898ce4b8,2024-08-04T23:48:57.000Z
moonwell,Aug-2024,0xb59b715e94f7fab8724a7b2e6d9a62981d264a5b,2024-08-04T23:28:23.000Z
moonwell,Aug-2024,0x60dbc63c8aa99d416aec4b9f9954dfb7f2aa329a,2024-08-04T22:40:37.000Z
moonwell,Aug-2024,0x8349620fe7d662f73fa43a23c8478effa87f3ac6,2024-08-07T21:44:05.000Z
moonwell,Aug-2024,0x8c34c35dc69f9daaad0f101652542c35cc5f695b,2024-08-06T21:47:29.000Z
moonwell,Aug-2024,0xfb95f97662a0e49ee0ff7c1d0631816db87bcd35,2024-08-06T22:22:11.000Z
moonwell,Aug-2024,0x65ae86e279f30ff0cb970b474e9e92e179ae123f,2024-08-04T17:45:15.000Z
moonwell,Aug-2024,0x200c4fceef176682f89c3b05368737bb60d0d2f8,2024-08-04T21:33:13.000Z
moonwell,Aug-2024,0x2c252821b1e69df0f2560d9cf3dbb15ca0b62fbe,2024-08-05T07:10:19.000Z
moonwell,Aug-2024,0xf524ab60e2d617b8b8bd8b859735b342010e00de,2024-08-04T01:20:07.000Z
moonwell,Aug-2024,0xf7524e011af8672f1931a86d808de3ccb537afd5,2024-08-07T23:22:13.000Z
moonwell,Aug-2024,0x10c49027f697778ef5949edc0c15b157de60e0c1,2024-08-04T21:25:27.000Z
moonwell,Aug-2024,0x79e10703c8da400d692d8272127d82f10b6303e0,2024-08-05T21:49:55.000Z
moonwell,Aug-2024,0x4e12d870e0e841577a1d6ea08898b44cb1d0681c,2024-08-04T17:45:15.000Z
moonwell,Aug-2024,0x0c955f06717da3e21a65b14943a628111c87b241,2024-08-07T22:21:21.000Z
moonwell,Aug-2024,0x45aa4609bf42e7a3cc6c38eb5aed6883f7c3460e,2024-08-07T23:42:25.000Z
moonwell,Aug-2024,0x6747b1f89b3a6e55f869e000a7f99382ccfe1ecd,2024-08-05T06:26:21.000Z
moonwell,Aug-2024,0x959b9ddc1160688309dd97edea43d757acc45460,2024-08-04T23:33:41.000Z
moonwell,Aug-2024,0xa8709d5db300ebd6bf968634e9cf7c8e4b6830a8,2024-08-04T18:47:17.000Z
moonwell,Aug-2024,0x16408303450d76a730f9d21454145fc3b1561327,2024-08-05T01:17:19.000Z
moonwell,Aug-2024,0xb45b4a07131dda7559d7cbe22a97343627df0996,2024-08-06T03:53:33.000Z
moonwell,Aug-2024,0x316333005aed8dd77eff98660e385fad2da4101f,2024-08-05T01:17:21.000Z
moonwell,Aug-2024,0xe868759a8b2accc9867af7743e6225224ae70ca8,2024-08-05T11:33:57.000Z
moonwell,Aug-2024,0x24f98f4248eeafccf4125ef81b0e956a6387c503,2024-08-04T01:05:37.000Z
moonwell,Aug-2024,0x4ab14276af9df6e1ca74b172008c789241197952,2024-08-05T02:14:25.000Z
moonwell,Aug-2024,0xd815ff85f12b1553b597f50cfbe6cebf12569648,2024-08-05T03:57:43.000Z
moonwell,Aug-2024,0x3d40ac1ff6c11ea200a86e9bc761c244149ba5c0,2024-08-05T01:25:59.000Z
moonwell,Aug-2024,0xbdb2cbee0c6249b2f9ea0b9df101247a1f654335,2024-08-04T23:11:15.000Z
moonwell,Aug-2024,0x75f0b852b613bb1e16e46d2a1d1661ca51f33aff,2024-08-05T01:24:57.000Z
moonwell,Aug-2024,0x44b91c1b665f4ece2f0eaef72015d5785d1e0b91,2024-08-05T10:16:47.000Z
moonwell,Aug-2024,0x3c064fa96b5316a5f12824804ca771c02271f045,2024-08-04T01:18:03.000Z
moonwell,Aug-2024,0xf77b1a06961287f7d15f35ceada4a6bf06b37c04,2024-08-04T21:29:41.000Z
moonwell,Aug-2024,0x1e2290e6538491d4942a4a2627a8365a66a4f5e8,2024-08-06T21:45:43.000Z
moonwell,Aug-2024,0xc9380405cd61a1c843cd2f6bcaa9d98433837f20,2024-08-05T10:16:47.000Z
moonwell,Aug-2024,0x009be37f47731448749c0781594a01753a8f7bd4,2024-08-06T04:10:43.000Z
moonwell,Aug-2024,0x70a077ccdbb220761b1fe809b304c378a3fa82b3,2024-08-05T01:25:59.000Z
moonwell,Aug-2024,0xbcf262fea898fb8597b186677baf3eed306accbd,2024-08-05T01:18:13.000Z
moonwell,Aug-2024,0x9fa26307464d23faa7155ef39a5cb5d055b05768,2024-08-04T16:58:37.000Z
moonwell,Aug-2024,0xa05907f900be8f1c1964628bc3d81542a4aa776b,2024-08-04T22:37:23.000Z
moonwell,Aug-2024,0x921273aaee51ac1df1fc11dea40e3f5fa7dca49d,2024-08-04T00:55:55.000Z
moonwell,Aug-2024,0x3253af552ddb4c494d10c1cb68ae6ee1b4133890,2024-08-05T06:26:07.000Z
moonwell,Aug-2024,0xeb1d7335c6113a526218797f51ff4f9381f9528e,2024-08-05T03:41:11.000Z
moonwell,Aug-2024,0xbae64908107945f1644388350a3552f5af11891c,2024-08-07T23:36:21.000Z
moonwell,Aug-2024,0xd5c5b083d426d1fe1d19c9bc493aa5cfc36473af,2024-08-06T22:11:31.000Z
moonwell,Aug-2024,0x57ad05249740df19a77103fcb0b0e03385ae17fe,2024-08-05T03:45:43.000Z
moonwell,Aug-2024,0xd316d667803d5c3dd4eb210d322e257620a2f75a,2024-08-04T22:05:47.000Z
moonwell,Aug-2024,0xcea51025f8046e4ab4df3092bed64dd9ebeeada1,2024-08-05T01:24:57.000Z
moonwell,Aug-2024,0xab3e1b272c45d5d8727ba20234a2eacb5e26b0e4,2024-08-07T22:56:59.000Z
moonwell,Aug-2024,0xb7e2f6696d3c147210e3c670552104118ac9ca11,2024-08-04T23:28:09.000Z
moonwell,Aug-2024,0x295870d54a0437cb05292f00aaf79243606cca10,2024-08-06T21:49:45.000Z
moonwell,Aug-2024,0x5efc75a957290e94886f7abefa721c9ac84a8173,2024-08-06T04:01:07.000Z
moonwell,Aug-2024,0x6b503c7a6ecde44ec874e189131e6d4d20fd3f82,2024-08-05T01:17:19.000Z
moonwell,Aug-2024,0xc8ca694db1d4c955d035f10a5d021126182847ae,2024-08-05T10:10:49.000Z
moonwell,Aug-2024,0x70607db737246d20a81ca0cd651678aa94b81e5e,2024-08-04T01:32:35.000Z
moonwell,Aug-2024,0x5f296272d5f3253e290745d8dba03404e72ae223,2024-08-05T21:49:55.000Z
moonwell,Aug-2024,0x82f1b033be680856c3c0445a32ed99e7aa9e2110,2024-08-04T17:10:09.000Z
moonwell,Aug-2024,0xa92989e11e9d35726e39e417d699d76b9f4ba33b,2024-08-05T04:22:57.000Z
moonwell,Aug-2024,0xe41504b2a16dabf632d5032b028ef9d55c3f73f3,2024-08-04T23:15:21.000Z
moonwell,Aug-2024,0x41a852bc1b754e27039e2e70d523a43f65051cbd,2024-08-04T00:01:35.000Z
moonwell,Aug-2024,0x96da74f197427cf8b8a0966a5005c568ee9440c0,2024-08-04T17:36:43.000Z
moonwell,Aug-2024,0x1dd516e8859a38c01229f7136ab5105bf5adba6e,2024-08-06T10:59:53.000Z
moonwell,Aug-2024,0xe226256eef2b5c0bdf2ff57653b82ee92e12b36f,2024-08-04T17:45:13.000Z
moonwell,Aug-2024,0x69c5950df5adb7742da01d856b610a1930d9aa92,2024-08-04T01:49:01.000Z
moonwell,Aug-2024,0x198cf18567e4336c97df1ed261e1e717169dc462,2024-08-06T04:32:43.000Z
moonwell,Aug-2024,0x34bc6cf096a8ac04cb6cd6b283d8c27d3ac3b2a8,2024-08-05T01:17:51.000Z
moonwell,Aug-2024,0xf7d92dbb249ff89d57b8b0ff89d8b552b29947a2,2024-08-04T21:44:41.000Z
moonwell,Aug-2024,0xbc760badd92e327d8c4a548128017e387e380add,2024-08-05T10:43:13.000Z
moonwell,Aug-2024,0xfee6f592e7da9b955f244404c5d0d1dbe5dc7bcb,2024-08-05T01:07:53.000Z
moonwell,Aug-2024,0xb136e66f905015353e9e67353893ce832f76e108,2024-08-05T11:53:09.000Z
moonwell,Aug-2024,0x4596ee68e8fa5008a2e607c04ad9472167b46606,2024-08-05T10:16:47.000Z
moonwell,Aug-2024,0x78c9bd2d9ba9d1992d9a945b1ea2e17b58c36b80,2024-08-04T15:58:37.000Z
moonwell,Aug-2024,0x86cb4520d62f801ff5fa9ef6560f3f75299f5604,2024-08-05T01:07:53.000Z
moonwell,Aug-2024,0xddb559235e92971a410564d59fd9d6e243c25e02,2024-08-05T10:16:47.000Z
moonwell,Aug-2024,0x49b7d10a46abb647dd2afbdda67b105cba2bb17c,2024-08-04T17:11:37.000Z
moonwell,Aug-2024,0x177047bf6bce8c9dc16e4e3d6084c72d0421d3d6,2024-08-04T17:45:13.000Z
moonwell,Aug-2024,0x29a5185294df1ddfc7b495add8727ba4ec950239,2024-08-05T21:49:57.000Z
moonwell,Aug-2024,0x18d850d35fcb63cdf95e317a747d515a4429f37b,2024-08-04T16:55:47.000Z
moonwell,Aug-2024,0x6a7270f544944656cf39c13586406d66b5e5e0b5,2024-08-05T10:30:57.000Z
moonwell,Aug-2024,0x537929b43781104c4bb719c602b2005b5df9d436,2024-08-05T00:13:09.000Z
moonwell,Aug-2024,0x051a0a771bfc8df8661b6994cc6b18e3324d1e5a,2024-08-07T23:46:49.000Z
moonwell,Aug-2024,0x8e3f496799766555b824e72b2645f3bd6fe6e489,2024-08-04T21:46:43.000Z
